Category,Topic Name,Speaker Count
Implant Dentistry,Implant Dentistry,29
Implant Dentistry,Implant Surgery,9
Implant Dentistry,Implant Prosthodontics,7
Implant Dentistry,Zygomatic Implants,7
Implant Dentistry,Implant Complications,5
Implant Dentistry,Periodontology & Implant Dentistry,5
Implant Dentistry,Pterygoid Implants,4
Implant Dentistry,Dental Implants,3
Implant Dentistry,Digital Implantology,3
Implant Dentistry,Implantology,3
Implant Dentistry,Complete-Arch Implant Rehabilitation,2
Implant Dentistry,Dental Implant Surgery,2
Implant Dentistry,Digital Implant Rehabilitation,2
Implant Dentistry,Immediate Implant Placement,2
Implant Dentistry,Implant Esthetics,2
Implant Dentistry,Implant Reconstruction,2
Implant Dentistry,AAID Implant Protocols,1
Implant Dentistry,AI in Implant Dentistry,1
Implant Dentistry,Advanced Implant Placement,1
Implant Dentistry,Advanced Implant Surgery,1
Implant Dentistry,Advanced Implant Therapy,1
Implant Dentistry,Aesthetic Implant Dentistry,1
Implant Dentistry,Aesthetic Implant Management,1
Implant Dentistry,Affordable Dentures & Implants,1
Implant Dentistry,All-on-4 Implants,1
Implant Dentistry,All-on-X Implants,1
Implant Dentistry,Anesthetic Approaches in Implants,1
Implant Dentistry,Biocompatible Implant Solutions,1
Implant Dentistry,Ceramic Zirconia Implants,1
Implant Dentistry,Clinical Implant Protocols,1
Implant Dentistry,Clinical Implant Research,1
Implant Dentistry,Clinical Implantology,1
Implant Dentistry,Complex Implant Cases,1
Implant Dentistry,Complex Implant Techniques,1
Implant Dentistry,Complex Implant Therapies,1
Implant Dentistry,Complex Implantology,1
Implant Dentistry,Comprehensive Dentistry & Implant Engineering,1
Implant Dentistry,Contemporary Implant Practice,1
Implant Dentistry,Cosmetic and Implant Dentistry,1
Implant Dentistry,Custom Implants,1
Implant Dentistry,Dental Implant Aesthetics,1
Implant Dentistry,Dental Implant Market Analysis,1
Implant Dentistry,Dental Implant Surgery and Bone Grafting,1
Implant Dentistry,Digital Full Arch Implant Procedures,1
Implant Dentistry,Digital Implant Dentistry,1
Implant Dentistry,Digital Implant Technology,1
Implant Dentistry,Digital Implants,1
Implant Dentistry,Efficient Implant Workflows,1
Implant Dentistry,Endosseous Implant Surgery,1
Implant Dentistry,Esthetic Implant Complications,1
Implant Dentistry,Esthetic Implant Therapy,1
Implant Dentistry,Esthetic Implantology,1
Implant Dentistry,Esthetic Implantology & Prosthodontics,1
Implant Dentistry,Esthetic Zone Implants,1
Implant Dentistry,Evidence-based Dental Implants,1
Implant Dentistry,Extramaxillary Implants,1
Implant Dentistry,Full Arch Implant Dentistry,1
Implant Dentistry,Full Arch Implant Procedures,1
Implant Dentistry,Full Arch Implant Rehab,1
Implant Dentistry,Full Arch Implant Rehabilitation,1
Implant Dentistry,Full Arch Implant Therapy,1
Implant Dentistry,Full Arch Implants,1
Implant Dentistry,Full-Arch Implant Prosthodontics,1
Implant Dentistry,Full-Arch Implant Protocols,1
Implant Dentistry,Full-Arch Implantology,1
Implant Dentistry,Full-Arch Implants,1
Implant Dentistry,Full-Time Implantology,1
Implant Dentistry,Guided Implant Surgery,1
Implant Dentistry,Implant Assessment,1
Implant Dentistry,Implant Controversies,1
Implant Dentistry,Implant Decontamination,1
Implant Dentistry,Implant Dentistry and Surgical Training,1
Implant Dentistry,Implant Education,1
Implant Dentistry,Implant Maintenance,1
Implant Dentistry,Implant Placement,1
Implant Dentistry,Implant Planning,1
Implant Dentistry,Implant Preservation,1
Implant Dentistry,Implant Prosthetic Principles,1
Implant Dentistry,Implant Prosthetics,1
Implant Dentistry,Implant Prosthodontics & Phonetics,1
Implant Dentistry,Implant Rehabilitation,1
Implant Dentistry,Implant Research and Innovation,1
Implant Dentistry,Implant Restoration Management,1
Implant Dentistry,Implant Science,1
Implant Dentistry,Implant Site Preparation,1
Implant Dentistry,Implant Success,1
Implant Dentistry,Implant Surgery and Bone Regeneration,1
Implant Dentistry,Implant Surgery and Reconstructive Dentistry,1
Implant Dentistry,Implant Surgical Guides,1
Implant Dentistry,Implant Technology,1
Implant Dentistry,Implant Therapy,1
Implant Dentistry,Implant Therapy Complications,1
Implant Dentistry,Implant and Reconstructive Dentistry,1
Implant Dentistry,Implant-supported Prostheses,1
Implant Dentistry,Oral Implantology,1
Implant Dentistry,Oral Surgery and Implant Education,1
Implant Dentistry,Peri-Implantitis,1
Implant Dentistry,Peri-Implantitis Treatment,1
Implant Dentistry,Peri-implant Disease,1
Implant Dentistry,Peri-implantitis,1
Implant Dentistry,Peri-implantitis Management,1
Implant Dentistry,Peri-implantitis Treatment,1
Implant Dentistry,Periodontics & Implantology,1
Implant Dentistry,Periodontology & Implant Surgery,1
Implant Dentistry,Precision Implantology,1
Implant Dentistry,Prosthodontics and Implant Dentistry,1
Implant Dentistry,Prosthodontics and Implant Esthetics,1
Implant Dentistry,Reconstructive and Implant Dentistry,1
Implant Dentistry,Restorative vs Implant Therapy,1
Implant Dentistry,Sub-periosteal Implants,1
Implant Dentistry,Subperiosteal Implants,1
Implant Dentistry,Surgical Implant Solutions,1
Implant Dentistry,Team-Based Implant Care,1
Implant Dentistry,Teeth vs Implants,1
Implant Dentistry,Tilted Implants in Maxilla,1
Implant Dentistry,Trans-Nasal Implants,1
Implant Dentistry,Zygomatic Implant Specialist,1
Implant Dentistry,Implant Aesthetics,0
Implant Dentistry,Implant Lab Collaboration,0
Implant Dentistry,Implant-supported Prosthetics,0
Implant Dentistry,Pterygoid & Zygomatic Implants,0
Implant Dentistry,Telescopic Implant Solutions,0
Implant Dentistry,Zygomatic & Pterygoid Implants,0
Periodontology & Periodontics,Periodontology,44
Periodontology & Periodontics,Periodontics,12
Periodontology & Periodontics,Military Periodontics,10
Periodontology & Periodontics,Periodontal Regeneration,10
Periodontology & Periodontics,Periodontal Research,9
Periodontology & Periodontics,Clinical Periodontics,5
Periodontology & Periodontics,Periodontal Plastic Surgery,4
Periodontology & Periodontics,Periodontal Surgery,4
Periodontology & Periodontics,Periodontology & Research,4
Periodontology & Periodontics,Periodontal Education,3
Periodontology & Periodontics,Periodontal Innovation,3
Periodontology & Periodontics,Advanced Periodontal Therapy,2
Periodontology & Periodontics,Periodontology & Public Health,2
Periodontology & Periodontics,Periodontology Research,2
Periodontology & Periodontics,3D Printing in Periodontics,1
Periodontology & Periodontics,Academic Periodontology,1
Periodontology & Periodontics,Advanced Periodontal Procedures,1
Periodontology & Periodontics,Advanced Periodontal Therapies,1
Periodontology & Periodontics,Advanced Periodontology,1
Periodontology & Periodontics,Board Preparation for Periodontists,1
Periodontology & Periodontics,Chronic Periodontitis Management,1
Periodontology & Periodontics,Clinical Innovation in Periodontology,1
Periodontology & Periodontics,Clinical Periodontal Protocols,1
Periodontology & Periodontics,Clinical Periodontal Research,1
Periodontology & Periodontics,Clinical Periodontal Therapy,1
Periodontology & Periodontics,Clinical Trials in Periodontology,1
Periodontology & Periodontics,Dental Hygiene & Periodontal Assessment,1
Periodontology & Periodontics,Drug Mechanisms in Periodontics,1
Periodontology & Periodontics,Epidemiological Periodontal Research,1
Periodontology & Periodontics,Esthetic Periodontal Procedures,1
Periodontology & Periodontics,Evidence-Based Periodontal Care,1
Periodontology & Periodontics,Evidence-Based Periodontal Practice,1
Periodontology & Periodontics,Evidence-Based Periodontal Treatments,1
Periodontology & Periodontics,Innovation in Periodontal Therapy,1
Periodontology & Periodontics,Interdisciplinary Periodontics,1
Periodontology & Periodontics,Microsurgical Periodontology,1
Periodontology & Periodontics,Multidisciplinary Periodontal Care,1
Periodontology & Periodontics,Periodonal Assessment,1
Periodontology & Periodontics,Periodontal Complexities,1
Periodontology & Periodontics,Periodontal Disease Management,1
Periodontology & Periodontics,Periodontal Disease Research,1
Periodontology & Periodontics,Periodontal Education & Clinical Training,1
Periodontology & Periodontics,Periodontal Education & Public Health,1
Periodontology & Periodontics,Periodontal Education & Research,1
Periodontology & Periodontics,Periodontal Literature,1
Periodontology & Periodontics,Periodontal Medicine,1
Periodontology & Periodontics,Periodontal Microbiology,1
Periodontology & Periodontics,Periodontal Practice,1
Periodontology & Periodontics,Periodontal Research & Pharmacology,1
Periodontology & Periodontics,Periodontal Sur+B436:B455gery,1
Periodontology & Periodontics,Periodontal Surgical Techniques,1
Periodontology & Periodontics,Periodontal Therapy,1
Periodontology & Periodontics,Periodontal-Prosthodontic Collaboration,1
Periodontology & Periodontics,Periodontal-Prosthodontic Interdisciplinary Care,1
Periodontology & Periodontics,Periodontics Department Leadership,1
Periodontology & Periodontics,Periodontology & AI Research,1
Periodontology & Periodontics,Periodontology & Business Management,1
Periodontology & Periodontics,Periodontology & Dental Hygiene Education,1
Periodontology & Periodontics,Periodontology & Legal Medicine,1
Periodontology & Periodontics,Periodontology & Legal Practice,1
Periodontology & Periodontics,Periodontology & Medical Education,1
Periodontology & Periodontics,Periodontology & Microsurgery,1
Periodontology & Periodontics,Periodontology & Orthodontics,1
Periodontology & Periodontics,Periodontology & Pharmacology,1
Periodontology & Periodontics,Periodontology & Regeneration,1
Periodontology & Periodontics,Periodontology & Tissue Engineering,1
Periodontology & Periodontics,Public Health in Periodontics,1
Periodontology & Periodontics,Regenerative Periodontal Procedures,1
Periodontology & Periodontics,Regenerative Periodontics,1
Periodontology & Periodontics,Research in Periodontal Therapies,1
Periodontology & Periodontics,Sedation in Periodontology,1
Periodontology & Periodontics,Surgical Periodontal Therapy,1
Periodontology & Periodontics,Surgical Periodontics,1
Periodontology & Periodontics,Translational Periodontal Science,1
Periodontology & Periodontics,Multidisciplinary Periodontal & Prosthodontic Cases,0
Periodontology & Periodontics,Periodontology & Systemic Health,0
Periodontology & Periodontics,Research in Periodontal Therapy,0
Prosthodontics,Prosthodontics,20
Prosthodontics,Advanced Prosthodontics,4
Prosthodontics,Digital Prosthodontics,4
Prosthodontics,Prosthodontic Decision Making,2
Prosthodontics,Advanced Prosthodontic Treatments,1
Prosthodontics,Board Certification in Prosthodontics,1
Prosthodontics,Clinical Prosthodontics,1
Prosthodontics,Complex Esthetic Prosthodontics,1
Prosthodontics,Conical & Telescopic Prosthodontics,1
Prosthodontics,Digital Prosthodontic Materials,1
Prosthodontics,Fixed vs Removable Prosthodontics,1
Prosthodontics,Full Arch Prosthodontics,1
Prosthodontics,Full-Arch Fixed Prosthodontics,1
Prosthodontics,Maxillofacial Prosthodontics,1
Prosthodontics,Perio-Prosthodontic Integration,1
Prosthodontics,Perio-Prosthodontics,1
Prosthodontics,Prosthodontic Exams,1
Prosthodontics,Prosthodontic Innovation and Discussions,1
Prosthodontics,Prosthodontic Innovations,1
Prosthodontics,Prosthodontic Laboratory Techniques,1
Prosthodontics,Prosthodontic Outcomes,1
Prosthodontics,Prosthodontic Support,1
Prosthodontics,Prosthodontics & Digital Dentistry,1
Prosthodontics,Prosthodontics & Interdisciplinary Care,1
Prosthodontics,Prosthodontics & Maxillofacial Prosthetics,1
Prosthodontics,Prosthodontics & Restorative Sciences,1
Prosthodontics,Prosthodontics Leadership,1
Prosthodontics,Prosthodontics in the Digital Age,1
Prosthodontics,Removable Prosthodontics,1
Prosthodontics,Telescopic Prosthodontics,0
Orthodontics,Orthodontics,6
Orthodontics,Adult Orthodontics,2
Orthodontics,Airway Orthodontics,2
Orthodontics,Digital Orthodontics,2
Orthodontics,Interdisciplinary Orthodontic Treatment,1
Orthodontics,Interdisciplinary Orthodontics,1
Orthodontics,Orthodontics & Sleep Collaboration,1
Orthodontics,Orthodontics & Sleep Medicine,1
Orthodontics,Surgical-Orthodontic Synergy,1
Endodontics,Endodontics,1
Endodontics,Innovations in Endodontics,1
Oral Surgery,Oral Surgery,11
Oral Surgery,Oral and Maxillofacial Surgery,11
Oral Surgery,Maxillofacial Surgery,3
Oral Surgery,Advanced Surgery,2
Oral Surgery,Oral Surgery Education,2
Oral Surgery,3D Model Surgery,1
Oral Surgery,Advanced Oral Surgery,1
Oral Surgery,Cleft and Craniofacial Surgery,1
Oral Surgery,Complex Oral Surgery,1
Oral Surgery,Complex Surgery Trends,1
Oral Surgery,Craniomaxillofacial Surgery,1
Oral Surgery,Navigated Surgery,1
Oral Surgery,Obstructive Sleep Apnea Surgery,1
Oral Surgery,Office-Based Surgery,1
Oral Surgery,Oral Surgery Collaboration,1
Oral Surgery,Oral Surgery Team Readiness,1
Oral Surgery,Orthognathic Surgery,1
Oral Surgery,Pediatric Oral Surgery,1
Oral Surgery,Reconstructive Surgery,1
Oral Surgery,Robotics in Oral Surgery,1
Oral Surgery,Oral & Maxillofacial Surgery,0
Digital Dentistry,Digital Workflows,15
Digital Dentistry,Digital Dentistry,12
Digital Dentistry,Digital Smile Design,3
Digital Dentistry,Digital Transformation,3
Digital Dentistry,Digital Full-Arch Workflows,2
Digital Dentistry,Digital Treatment Planning,2
Digital Dentistry,Digital Workflow,2
Digital Dentistry,Digital Workflow Integration,2
Digital Dentistry,Aesthetic Digital Prosthetics,1
Digital Dentistry,Comprehensive Digital Treatment,1
Digital Dentistry,Digital All-on-X,1
Digital Dentistry,Digital Dental Technology,1
Digital Dentistry,Digital Innovations in Dentistry,1
Digital Dentistry,Digital Interdisciplinary Treatment,1
Digital Dentistry,Digital Lab Management,1
Digital Dentistry,Digital Lab Services,1
Digital Dentistry,Digital Lab Technologies,1
Digital Dentistry,Digital Materials,1
Digital Dentistry,Digital Occlusion,1
Digital Dentistry,Digital Planning,1
Digital Dentistry,Digital Removable Partial Dentures,1
Digital Dentistry,Digital Software,1
Digital Dentistry,Digital Technologies,1
Digital Dentistry,Digital Technology,1
Digital Dentistry,Digital Technology Validation,1
Digital Dentistry,Digital Technology in Dentistry,1
Digital Dentistry,Digital Treatment Design,1
Digital Dentistry,Digital Treatment Solutions,1
Digital Dentistry,General & Digital Dentistry,1
Digital Dentistry,Digital Dentistry Advances,0
Technology & Innovation,CAD/CAM Technology,3
Technology & Innovation,3D Imaging,2
Technology & Innovation,3D Printing,2
Technology & Innovation,AI Technology,2
Technology & Innovation,Ceramic Technology,2
Technology & Innovation,Dental Laboratory Technology,2
Technology & Innovation,Lab Technology,2
Technology & Innovation,3D AI Segmentation,1
Technology & Innovation,3D Printing and Automation,1
Technology & Innovation,Academic Curriculum Development,1
Technology & Innovation,Academic Dentistry Leadership,1
Technology & Innovation,Academic Education,1
Technology & Innovation,Academic Instruction,1
Technology & Innovation,Academic Leadership,2
Technology & Innovation,Academic Mentorship,2
Technology & Innovation,Academic Writing,1
Technology & Innovation,Academy Leadership,1
Technology & Innovation,Adhesive Technology,1
Technology & Innovation,Advanced Dental Technology,1
Technology & Innovation,CAD-CAM Technology,1
Technology & Innovation,CAD/CAM Prosthetics,1
Technology & Innovation,Gender Parity in Dental Academia,1
Technology & Innovation,Material Technology,1
Technology & Innovation,OMS Technology Integration,1
Technology & Innovation,Scan-to-Smile Technology,1
Technology & Innovation,Technology Innovation,1
Technology & Innovation,Technology Integration,1
Technology & Innovation,Technology/AI,1
Technology & Innovation,X-Guide Technology,1
Technology & Innovation,Advanced Technology,0
Technology & Innovation,Dental AI Technology,0
Technology & Innovation,Dental Technology Implementation,1
Technology & Innovation,Esthetic Dental Technology Collaboration,0
Technology & Innovation,Hands-On Dental Technology Training,0
Technology & Innovation,Virtual Patient Technology,0
Aesthetic & Esthetic Dentistry,Esthetic Dentistry,5
Aesthetic & Esthetic Dentistry,Cosmetic Dentistry,4
Aesthetic & Esthetic Dentistry,Aesthetic Ceramics,1
Aesthetic & Esthetic Dentistry,Aesthetic Dentistry,1
Aesthetic & Esthetic Dentistry,Aesthetic Dentistry 4.0,1
Aesthetic & Esthetic Dentistry,Aesthetic Prosthetics,1
Aesthetic & Esthetic Dentistry,Complex Esthetic Cases,1
Aesthetic & Esthetic Dentistry,Complex Esthetic Restorations,1
Aesthetic & Esthetic Dentistry,Cosmetic Dental Procedures,1
Aesthetic & Esthetic Dentistry,Cosmetic Innovation,1
Aesthetic & Esthetic Dentistry,Dental Aesthetics,1
Aesthetic & Esthetic Dentistry,Esthetic Denture Solutions,1
Aesthetic & Esthetic Dentistry,Esthetic Procedures,1
Aesthetic & Esthetic Dentistry,Esthetic Rehabilitation,1
Aesthetic & Esthetic Dentistry,Esthetic Restorations,1
Aesthetic & Esthetic Dentistry,Facial Aesthetics,1
Aesthetic & Esthetic Dentistry,Facial Cosmetics,1
Aesthetic & Esthetic Dentistry,Modern Esthetic Solutions,1
Aesthetic & Esthetic Dentistry,Modern Esthetic Techniques,1
Aesthetic & Esthetic Dentistry,Esthetic Zone Challenges,0
Full Arch Rehabilitation,Full Arch Rehabilitation,5
Full Arch Rehabilitation,All-on-4 Treatment,2
Full Arch Rehabilitation,All-On-4,1
Full Arch Rehabilitation,All-on-X,1
Full Arch Rehabilitation,Complex Full Arch Cases,1
Full Arch Rehabilitation,Full Arch Immediate Load,1
Full Arch Rehabilitation,Full Arch Practice Growth,1
Full Arch Rehabilitation,Full Arch Restoration,1
Bone Grafting & Regeneration,Regenerative Therapy,4
Bone Grafting & Regeneration,Bone Grafting,4
Bone Grafting & Regeneration,Soft Tissue Grafting,3
Bone Grafting & Regeneration,Guided Bone Regeneration,2
Bone Grafting & Regeneration,Regenerative Medicine,2
Bone Grafting & Regeneration,Regenerative Procedures,2
Bone Grafting & Regeneration,Bone Reconstruction,1
Bone Grafting & Regeneration,Bone Regeneration,2
Bone Grafting & Regeneration,Bone Structure Studies,1
Bone Grafting & Regeneration,Horizontal and Vertical Bone Grafts,1
Bone Grafting & Regeneration,Minimally Invasive Grafting,1
Bone Grafting & Regeneration,Regeneration Procedures,1
Bone Grafting & Regeneration,Regeneration Therapies,1
Bone Grafting & Regeneration,Regenerative Dental Medicine,1
Bone Grafting & Regeneration,Regenerative Research,1
Bone Grafting & Regeneration,Regenerative Therapies,1
Bone Grafting & Regeneration,Tissue Regeneration,1
Anesthesia & Sedation,Sedation Dentistry,4
Anesthesia & Sedation,Emergency Airway Management,3
Anesthesia & Sedation,Anesthesia Protocols,2
Anesthesia & Sedation,Anesthesia Training,2
Anesthesia & Sedation,Anxiety Management,2
Anesthesia & Sedation,Airway Management,1
Anesthesia & Sedation,Airway and Smile Integration,1
Anesthesia & Sedation,Ambulatory Anesthesia,1
Anesthesia & Sedation,Anesthesia,1
Anesthesia & Sedation,Anesthesia Assistance,1
Anesthesia & Sedation,Anesthesia Education,1
Anesthesia & Sedation,Anesthesiology in Dentistry,1
Anesthesia & Sedation,Emergency Airway Simulation,1
Anesthesia & Sedation,Interdisciplinary Airway Management,1
Anesthesia & Sedation,Modern Sedation Techniques,1
Anesthesia & Sedation,Office-Based Anesthesia,1
Anesthesia & Sedation,Oral Conscious Sedation,1
Anesthesia & Sedation,Safe Sedation Protocols,1
Anesthesia & Sedation,Sedation,1
Anesthesia & Sedation,Sedation & Anxiety Management,1
Sleep Medicine,Sleep Medicine,3
Sleep Medicine,Dental Sleep Medicine,2
Sleep Medicine,Dental Sleep Solutions,2
Sleep Medicine,DSO Sleep Integration,1
Sleep Medicine,Integrated Sleep Dentistry,1
Sleep Medicine,Patient Screening for Sleep Disorders,1
Sleep Medicine,Sleep Apnea Practice Growth,1
Sleep Medicine,Sleep Disorder Treatment,1
Sleep Medicine,Sleep Medicine Consultant,1
Sleep Medicine,Sleep-related Breathing Disorders,1
Practice Management,Practice Management,20
Practice Management,Practice Growth,5
Practice Management,Practice Leadership,4
Practice Management,Business Development,3
Practice Management,DSO Strategy,3
Practice Management,Complex Case Management,2
Practice Management,Dental Group Operations,2
Practice Management,Dental Practice Operations,2
Practice Management,Dental Risk Management,2
Practice Management,Practice Startups,2
Practice Management,AI in Clinical Practice,1
Practice Management,Anxiety Management,2
Practice Management,Best Practices,1
Practice Management,Bruxism Management,1
Practice Management,Business Aspects,1
Practice Management,Business Consultant,1
Practice Management,Change Management,1
Practice Management,Clinical Practice,1
Practice Management,Clinical Practice Management,1
Practice Management,Complication Management,1
Practice Management,DSO Evolution,1
Practice Management,DSO Evolution Strategy,1
Practice Management,DSO Future Strategist,1
Practice Management,DSO Future Trends,1
Practice Management,DSO Growth & Acquisitions,1
Practice Management,DSO Growth Specialist,1
Practice Management,DSO Growth Strategist,1
Practice Management,DSO Leadership,1
Practice Management,DSO Management,1
Practice Management,DSO Operations,1
Practice Management,DSO Penetration,1
Practice Management,DSO Specialty Management,1
Practice Management,Dental Business Development,1
Practice Management,Dental Business Models,1
Practice Management,Dental Group Management,1
Practice Management,Dental Lab Management,1
Practice Management,Dental Management,1
Practice Management,Dental Practice Assessment,1
Practice Management,Dental Practice Entrepreneurship,1
Practice Management,Dental Practice Growth,1
Practice Management,Dental Practice Leadership,1
Practice Management,Dental Practice Partnerships,1
Practice Management,Dental Team Management,1
Practice Management,Diagnosis and Management,1
Practice Management,Driving Practice Success,1
Practice Management,Emergency Dental Management,1
Practice Management,Emergency Preparedness in Dental Practice,1
Practice Management,Evidence-Based Practice,1
Practice Management,Forum Management,1
Practice Management,Gum Disease Management,1
Practice Management,Hard and Soft Tissue Management,1
Practice Management,Interdisciplinary Case Management,1
Practice Management,Lateral Incisor Management in Cleft Patients,1
Practice Management,Management,1
Practice Management,Management of Dental Complications,1
Practice Management,Multi-Specialty Practice Management,1
Practice Management,Multidisciplinary Practice,1
Practice Management,Multisite Practice Management,1
Practice Management,OSA Management,1
Practice Management,Operations Management,1
Practice Management,Patient-First Dental Practices,1
Practice Management,Practice Acquisition,1
Practice Management,Practice Adaptation Strategies,1
Practice Management,Practice Automation,1
Practice Management,Practice Culture & Transformation,1
Practice Management,Practice Development,1
Practice Management,Practice Excellence Coach,1
Practice Management,Practice Integration,1
Practice Management,Practice Longevity,1
Practice Management,Practice Operations,1
Practice Management,Practice Philosophy,1
Practice Management,Practice Revenue Growth,1
Practice Management,Practice Risk Reduction,1
Practice Management,Practice Scalability,1
Practice Management,Product Management,1
Practice Management,Soft Tissue Management,3
Practice Management,Surgical Case Management,1
Practice Management,Team Management & Leadership Expert,1
Practice Management,Tech in Group Practice Management,1
Practice Management,Tissue Management,1
Practice Management,Wealth Management,1
Practice Management,AI in Risk Management,0
Practice Management,Automation Solutions for Dental Practices,0
Practice Management,Dental Practice Management,0
Practice Management,Insurance Relations in Group Practice,0
Practice Management,Practice Growth Strategies,0
Practice Management,Specialty Growth for Group Practices,0
Education & Training,Clinical Research,13
Education & Training,Clinical Education,6
Education & Training,Faculty Development,2
Education & Training,Oral Surgery Education,2
Education & Training,Surgical Training,2
Education & Training,Team Education,2
Education & Training,Team Training,2
Education & Training,AAID Educational Standards,1
Education & Training,Clinical Dental Education,1
Education & Training,Clinical Educational Strategies,1
Education & Training,Clinical Team Training,1
Education & Training,Dental Education,1
Education & Training,Dental Education Legacy,1
Education & Training,Dental Sales Training,1
Education & Training,Graduate Training,1
Education & Training,Hands-On Training,1
Education & Training,ITI Education,1
Education & Training,MaxiCourse Education,1
Education & Training,Residency Training,1
Education & Training,Sales Training,1
Education & Training,Simulation Training,1
Education & Training,Skills Lab Training,1
Education & Training,Skills Training,1
Education & Training,Training Program Development,1
Education & Training,Training Programs,1
Education & Training,Training Strategies,1
Education & Training,Workforce Training,1
Education & Training,Interdisciplinary Education,0
Research,Clinical Research,13
Research,AI-Powered Research,1
Research,Chair-based Clinical Research,1
Research,Clinical Research Methods,1
Research,Dental Research,1
Research,International Research,1
Research,Microbiome Research,1
Research,Research,1
Research,Research Methodology,1
Research,Research Methods,1
Research,Research and Development,1
Research,Research in Scanning,1
Research,Research-Driven Therapy,1
Leadership,Dental Leadership,4
Leadership,AAP Leadership,1
Leadership,Clinical Chair Leadership,1
Leadership,Clinical Leadership,2
Leadership,Crisis Leadership,1
Leadership,Dental Association Leadership,1
Leadership,Dental Executive Leadership,1
Leadership,Dental Leadership Advisor,1
Leadership,Dental Leadership Development,1
Leadership,Diversity Leadership,1
Leadership,Executive Coaching,1
Leadership,Executive Leadership,1
Leadership,Healthcare Leadership,1
Leadership,Industry Leadership,1
Leadership,Financial Leadership,0
General Dentistry,General Dentistry,13
General Dentistry,Comprehensive Dentistry,2
Clinical Topics,Clinical Innovation,5
Clinical Topics,Contemporary Treatments,2
Clinical Topics,Clinical Applications,1
Clinical Topics,Clinical Case Presentation,1
Clinical Topics,Clinical Communications,1
Clinical Topics,Clinical Diagnosis,1
Clinical Topics,Clinical Innovations,1
Clinical Topics,Clinical Instruction,1
Clinical Topics,Clinical Officer Strategies,1
Clinical Topics,Clinical Optimization,1
Clinical Topics,Clinical Outcomes,1
Clinical Topics,Clinical Protocols,1
Clinical Topics,Clinical Reviews,1
Clinical Topics,Clinical Studies,1
Clinical Topics,Clinical Studies in Gum Disease,1
Clinical Topics,Clinical Study Design,1
Clinical Topics,Clinical Support,1
Clinical Topics,Clinical Systems,1
AI & Innovation,AI Technology,2
AI & Innovation,AI in Clinical Practice,1
AI & Innovation,AI in Dentistry,1
AI & Innovation,Artificial Intelligence in Dentistry,1
AI & Innovation,Current Trends in AI Integration,1
AI & Innovation,Data-Driven Innovation,1
AI & Innovation,Innovation,2
AI & Innovation,Innovation in Young Professionals,0
AI & Innovation,Innovations for Dental Labs,1
AI & Innovation,Innovations in Endodontics,1
AI & Innovation,Innovative Restorative Materials,1
AI & Innovation,Innovative Treatments,1
Specialized & Other Topics,Practice Management,20
Specialized & Other Topics,Prosthodontics,20
Specialized & Other Topics,Digital Workflows,15
Specialized & Other Topics,General Dentistry,13
Specialized & Other Topics,Clinical Research,13
Specialized & Other Topics,Digital Dentistry,12
Specialized & Other Topics,Periodontics,12
Specialized & Other Topics,Oral Surgery,11
Specialized & Other Topics,Oral and Maxillofacial Surgery,11
Specialized & Other Topics,Military Periodontics,10
Specialized & Other Topics,Periodontal Regeneration,10
Specialized & Other Topics,Periodontal Research,9
Specialized & Other Topics,Implant Surgery,9
Specialized & Other Topics,Implant Prosthodontics,7
Specialized & Other Topics,Zygomatic Implants,7
Specialized & Other Topics,Orthodontics,6
Specialized & Other Topics,Clinical Education,6
Specialized & Other Topics,Esthetic Dentistry,5
Specialized & Other Topics,Full Arch Rehabilitation,5
Specialized & Other Topics,Implant Complications,5
Specialized & Other Topics,Periodontology & Implant Dentistry,5
Specialized & Other Topics,Clinical Innovation,5
Specialized & Other Topics,Clinical Periodontics,5
Specialized & Other Topics,Advanced Prosthodontics,4
Specialized & Other Topics,Board Preparation,4
Specialized & Other Topics,Bone Grafting,4
Specialized & Other Topics,Cosmetic Dentistry,4
Specialized & Other Topics,Digital Prosthodontics,4
Specialized & Other Topics,Periodontal Plastic Surgery,4
Specialized & Other Topics,Periodontal Surgery,4
Specialized & Other Topics,Periodontology & Research,4
Specialized & Other Topics,Practice Growth,5
Specialized & Other Topics,Practice Leadership,4
Specialized & Other Topics,Pterygoid Implants,4
Specialized & Other Topics,Regenerative Therapy,4
Specialized & Other Topics,Sedation Dentistry,4
Specialized & Other Topics,Business Development,3
Specialized & Other Topics,CAD/CAM Technology,3
Specialized & Other Topics,Clear Aligner Therapy,3
Specialized & Other Topics,Dental Implants,3
Specialized & Other Topics,Digital Implantology,3
Specialized & Other Topics,Digital Smile Design,3
Specialized & Other Topics,Digital Transformation,3
Specialized & Other Topics,DSO Strategy,3
Specialized & Other Topics,Evidence-Based Dentistry,3
Specialized & Other Topics,Full Mouth Rehabilitation,4
Specialized & Other Topics,Implantology,3
Specialized & Other Topics,Maxillofacial Surgery,3
Specialized & Other Topics,Periodontal Education,3
Specialized & Other Topics,Periodontal Innovation,3
Specialized & Other Topics,Sleep Medicine,3
Specialized & Other Topics,Soft Tissue Grafting,3
Specialized & Other Topics,Surgical Techniques,3
Specialized & Other Topics,Team-Based Care,3
Specialized & Other Topics,AAID Oral Examinations,2
Specialized & Other Topics,Access to Care,2
Specialized & Other Topics,Academic Leadership,2
Specialized & Other Topics,Academic Mentorship,2
Specialized & Other Topics,Adult Orthodontics,2
Specialized & Other Topics,Advanced Periodontal Therapy,2
Specialized & Other Topics,Advanced Surgery,2
Specialized & Other Topics,Airway Orthodontics,2
Specialized & Other Topics,All-on-4 Treatment,2
Specialized & Other Topics,Anesthesia Protocols,2
Specialized & Other Topics,Anesthesia Training,2
Specialized & Other Topics,Anxiety Management,2
Specialized & Other Topics,Bone Regeneration,2
Specialized & Other Topics,Complex Case Management,2
Specialized & Other Topics,Complete-Arch Implant Rehabilitation,2
Specialized & Other Topics,Comprehensive Dentistry,2
Specialized & Other Topics,Contemporary Treatments,2
Specialized & Other Topics,Dental Group Operations,2
Specialized & Other Topics,Dental Hygiene,2
Specialized & Other Topics,Dental Implant Surgery,2
Specialized & Other Topics,Dental Laboratory Technology,2
Specialized & Other Topics,Dental Leadership,4
Specialized & Other Topics,Dental Marketing,2
Specialized & Other Topics,Dental Practice Operations,2
Specialized & Other Topics,Dental Risk Management,2
Specialized & Other Topics,Dental Sleep Medicine,2
Specialized & Other Topics,Dental Sleep Solutions,2
Specialized & Other Topics,Digital Full-Arch Workflows,2
Specialized & Other Topics,Digital Implant Rehabilitation,2
Specialized & Other Topics,Digital Orthodontics,2
Specialized & Other Topics,Digital Treatment Planning,2
Specialized & Other Topics,Digital Workflow,2
Specialized & Other Topics,Digital Workflow Integration,2
Specialized & Other Topics,Diversity in Dentistry,2
Specialized & Other Topics,Faculty Development,2
Specialized & Other Topics,Full Mouth Reconstruction,2
Specialized & Other Topics,Guided Bone Regeneration,2
Specialized & Other Topics,Immediate Implant Placement,2
Specialized & Other Topics,Implant Esthetics,2
Specialized & Other Topics,Implant Reconstruction,2
Specialized & Other Topics,Innovation,2
Specialized & Other Topics,Lab Technology,2
Specialized & Other Topics,Oral Surgery Education,2
Specialized & Other Topics,Periodontology & Public Health,2
Specialized & Other Topics,Periodontology Research,2
Specialized & Other Topics,Practice Startups,2
Specialized & Other Topics,Prosthodontic Decision Making,2
Specialized & Other Topics,Regenerative Medicine,2
Specialized & Other Topics,Regenerative Procedures,2
Specialized & Other Topics,Surgical Training,2
Specialized & Other Topics,Team Education,2
Specialized & Other Topics,Team Training,2
Specialized & Other Topics,3D Imaging,2
Specialized & Other Topics,3D Printing,2
Specialized & Other Topics,AI Technology,2
Specialized & Other Topics,Ceramic Technology,2
Specialized & Other Topics,Clinical Leadership,2
Specialized & Other Topics,3D AI Segmentation,1
Specialized & Other Topics,3D Model Surgery,1
Specialized & Other Topics,3D Printing and Automation,1
Specialized & Other Topics,3D Printing in Periodontics,1
Specialized & Other Topics,AAID Courses,1
Specialized & Other Topics,AAID Educational Standards,1
Specialized & Other Topics,AAID Implant Protocols,1
Specialized & Other Topics,AAP Leadership,1
Specialized & Other Topics,AI in Dentistry,1
Specialized & Other Topics,AI in Implant Dentistry,1
Specialized & Other Topics,AI-Powered Research,1
Specialized & Other Topics,Abutment Screw Complications,1
Specialized & Other Topics,Academic Curriculum Development,1
Specialized & Other Topics,Academic Dentistry Leadership,1
Specialized & Other Topics,Academic Education,1
Specialized & Other Topics,Academic Instruction,1
Specialized & Other Topics,Academic Periodontology,1
Specialized & Other Topics,Academic Writing,1
Specialized & Other Topics,Academy Leadership,1
Specialized & Other Topics,Adhesive Protocols,1
Specialized & Other Topics,Adhesive Rehabilitation,1
Specialized & Other Topics,Adhesive Technology,1
Specialized & Other Topics,Advanced Cases,1
Specialized & Other Topics,Advanced Ceramic Procedures,1
Specialized & Other Topics,Advanced Clinical Applications,1
Specialized & Other Topics,Advanced Clinical Techniques,1
Specialized & Other Topics,Advanced Dental Ceramics,1
Specialized & Other Topics,Advanced Dental Reconstructive Treatment,1
Specialized & Other Topics,Advanced Dental Techniques,1
Specialized & Other Topics,Advanced Dental Technology,1
Specialized & Other Topics,Advanced Implant Placement,1
Specialized & Other Topics,Advanced Implant Surgery,1
Specialized & Other Topics,Advanced Implant Therapy,1
Specialized & Other Topics,Advanced Oral Surgery,1
Specialized & Other Topics,Advanced Oral Surgical Techniques,1
Specialized & Other Topics,Advanced Periodontal Procedures,1
Specialized & Other Topics,Advanced Periodontal Therapies,1
Specialized & Other Topics,Advanced Periodontology,1
Specialized & Other Topics,Advanced Preservation Therapy,1
Specialized & Other Topics,Advanced Prosthetics,1
Specialized & Other Topics,Advanced Prosthodontic Treatments,1
Specialized & Other Topics,Advanced Restorative Dentistry,1
Specialized & Other Topics,Advanced Surgical Anatomy,1
Specialized & Other Topics,Advanced Surgical Procedures,2
Specialized & Other Topics,Advanced Surgical Techniques,2
Specialized & Other Topics,Advanced Surgical Therapy,1
Specialized & Other Topics,Aesthetic Ceramics,1
Specialized & Other Topics,Aesthetic Dentistry,1
Specialized & Other Topics,Aesthetic Dentistry 4.0,1
Specialized & Other Topics,Aesthetic Digital Prosthetics,1
Specialized & Other Topics,Aesthetic Implant Dentistry,1
Specialized & Other Topics,Aesthetic Implant Management,1
Specialized & Other Topics,Aesthetic Prosthetics,1
Specialized & Other Topics,Affordable Dentures & Implants,1
Specialized & Other Topics,Airway Management,1
Specialized & Other Topics,Airway and Smile Integration,1
Specialized & Other Topics,All-On-4,1
Specialized & Other Topics,All-on-4 Implants,1
Specialized & Other Topics,All-on-X,1
Specialized & Other Topics,All-on-X Implants,1
Specialized & Other Topics,Ambulatory Anesthesia,1
Specialized & Other Topics,American Board Protocols,1
Specialized & Other Topics,Analog Techniques,1
Specialized & Other Topics,Anesthesia,1
Specialized & Other Topics,Anesthesia Assistance,1
Specialized & Other Topics,Anesthesia Education,1
Specialized & Other Topics,Anesthesiology in Dentistry,1
Specialized & Other Topics,Anesthetic Approaches in Implants,1
Specialized & Other Topics,Anxiety Control,1
Specialized & Other Topics,Artificial Intelligence in Dentistry,1
Specialized & Other Topics,Assessment Methodologies,1
Specialized & Other Topics,Assessment Standards in Dental Curriculum,1
Specialized & Other Topics,Asset Protection & Tax Strategy,1
Specialized & Other Topics,Best Practices,1
Specialized & Other Topics,Biocompatible Implant Solutions,1
Specialized & Other Topics,Bioengineering,1
Specialized & Other Topics,Biologic Modifiers,1
Specialized & Other Topics,Biological Stability,1
Specialized & Other Topics,Biomaterials,1
Specialized & Other Topics,Biomechanics,1
Specialized & Other Topics,Blood Concentrates,1
Specialized & Other Topics,Board Certification,1
Specialized & Other Topics,Board Certification Preparation,1
Specialized & Other Topics,Board Certification in Prosthodontics,1
Specialized & Other Topics,Board Preparation for Periodontists,1
Specialized & Other Topics,Bonding Procedures,1
Specialized & Other Topics,Bone Reconstruction,1
Specialized & Other Topics,Bone Structure Studies,1
Specialized & Other Topics,Bruxism Management,1
Specialized & Other Topics,Building & Managing Teams,1
Specialized & Other Topics,Burnout Prevention,1
Specialized & Other Topics,Business Aspects,1
Specialized & Other Topics,Business Consultant,1
Specialized & Other Topics,CAD-CAM Technology,1
Specialized & Other Topics,CAD/CAM Prosthetics,1
Specialized & Other Topics,CBCT,1
Specialized & Other Topics,CBCT Analysis,1
Specialized & Other Topics,CDIPC Standards,1
Specialized & Other Topics,Case Acceptance,1
Specialized & Other Topics,Celebrity Keynote,1
Specialized & Other Topics,Ceramic Systems,1
Specialized & Other Topics,Ceramic Zirconia Implants,1
Specialized & Other Topics,Certification Standards,1
Specialized & Other Topics,Cervical Contouring,1
Specialized & Other Topics,Chair-based Clinical Research,1
Specialized & Other Topics,Challenge Resolution,1
Specialized & Other Topics,Change Management,1
Specialized & Other Topics,Chronic Periodontitis Management,1
Specialized & Other Topics,Cleft Care,1
Specialized & Other Topics,Cleft Lip/Palate,1
Specialized & Other Topics,Cleft Lip/Palate Specialist,1
Specialized & Other Topics,Cleft Palate Reconstruction,1
Specialized & Other Topics,Cleft and Craniofacial Surgery,1
Specialized & Other Topics,Cleft and Craniomaxillofacial Care,1
Specialized & Other Topics,Clinic-to-Lab Integration,1
Specialized & Other Topics,Clinical Application,1
Specialized & Other Topics,Clinical Applications,1
Specialized & Other Topics,Clinical Case Presentation,1
Specialized & Other Topics,Clinical Chair Leadership,1
Specialized & Other Topics,Clinical Communication Skills,1
Specialized & Other Topics,Clinical Communications,1
Specialized & Other Topics,Clinical Dental Education,1
Specialized & Other Topics,Clinical Diagnosis,1
Specialized & Other Topics,Clinical Educational Strategies,1
Specialized & Other Topics,Clinical Implant Protocols,1
Specialized & Other Topics,Clinical Implant Research,1
Specialized & Other Topics,Clinical Implantology,1
Specialized & Other Topics,Clinical Innovation in Periodontology,1
Specialized & Other Topics,Clinical Innovations,1
Specialized & Other Topics,Clinical Instruction,1
Specialized & Other Topics,Clinical Officer Strategies,1
Specialized & Other Topics,Clinical Optimization,1
Specialized & Other Topics,Clinical Outcomes,1
Specialized & Other Topics,Clinical Periodontal Protocols,1
Specialized & Other Topics,Clinical Periodontal Research,1
Specialized & Other Topics,Clinical Periodontal Therapy,1
Specialized & Other Topics,Clinical Practice,1
Specialized & Other Topics,Clinical Practice Management,1
Specialized & Other Topics,Clinical Prosthetic Applications,1
Specialized & Other Topics,Clinical Prosthodontics,1
Specialized & Other Topics,Clinical Protocols,1
Specialized & Other Topics,Clinical Research Methods,1
Specialized & Other Topics,Clinical Reviews,1
Specialized & Other Topics,Clinical Studies,1
Specialized & Other Topics,Clinical Studies in Gum Disease,1
Specialized & Other Topics,Clinical Study Design,1
Specialized & Other Topics,Clinical Support,1
Specialized & Other Topics,Clinical Systems,1
Specialized & Other Topics,Clinical Team Training,1
Specialized & Other Topics,Clinical Trials in Periodontology,1
Specialized & Other Topics,Collaborative Care,1
Specialized & Other Topics,Collaborative Dental Technologies,1
Specialized & Other Topics,Community Dental Advocacy,1
Specialized & Other Topics,Community Oral Health,1
Specialized & Other Topics,Comparative Outcomes,1
Specialized & Other Topics,Competitive Strategy,1
Specialized & Other Topics,Complete-Arch Solutions,1
Specialized & Other Topics,Complex Esthetic Cases,1
Specialized & Other Topics,Complex Esthetic Prosthodontics,1
Specialized & Other Topics,Complex Esthetic Restorations,1
Specialized & Other Topics,Complex Full Arch Cases,1
Specialized & Other Topics,Complex Implant Cases,1
Specialized & Other Topics,Complex Implant Techniques,1
Specialized & Other Topics,Complex Implant Therapies,1
Specialized & Other Topics,Complex Implantology,1
Specialized & Other Topics,Complex Oral Rehabilitation,2
Specialized & Other Topics,Complex Oral Surgery,1
Specialized & Other Topics,Complex Prosthetic Cases,1
Specialized & Other Topics,Complex Prosthetic Design,1
Specialized & Other Topics,Complex Prosthetic Rehabilitation,1
Specialized & Other Topics,Complex Rehabilitation,1
Specialized & Other Topics,Complex Restorative Cases,1
Specialized & Other Topics,Complex Surgery Trends,1
Specialized & Other Topics,Complex Surgical Cases,1
Specialized & Other Topics,Complication Management,1
Specialized & Other Topics,Complication Prevention,1
Specialized & Other Topics,Composite Bonding Techniques,1
Specialized & Other Topics,Comprehensive Care,2
Specialized & Other Topics,Comprehensive Dentistry & Implant Engineering,1
Specialized & Other Topics,Comprehensive Digital Treatment,1
Specialized & Other Topics,Comprehensive Rehabilitation,1
Specialized & Other Topics,Comprehensive Solutions,1
Specialized & Other Topics,Compromised Case Solutions,1
Specialized & Other Topics,Compromised Ridge Solutions,1
Specialized & Other Topics,Conical & Telescopic Prosthodontics,1
Specialized & Other Topics,Contemporary Approaches,1
Specialized & Other Topics,Contemporary Implant Practice,1
Specialized & Other Topics,Contemporary Techniques,1
Specialized & Other Topics,Corporate Dental Models,1
Specialized & Other Topics,Cosmetic Dental Procedures,1
Specialized & Other Topics,Cosmetic Innovation,1
Specialized & Other Topics,Cosmetic and Implant Dentistry,1
Specialized & Other Topics,Cost-Benefit in New Devices,1
Specialized & Other Topics,Craniofacial Disorders,1
Specialized & Other Topics,Craniofacial Pathology,1
Specialized & Other Topics,Craniomaxillofacial Care,1
Specialized & Other Topics,Craniomaxillofacial Procedures,1
Specialized & Other Topics,Craniomaxillofacial Surgery,1
Specialized & Other Topics,Crisis Leadership,1
Specialized & Other Topics,Crown and Bridge Techniques,1
Specialized & Other Topics,Current Trends in AI Integration,1
Specialized & Other Topics,Curriculum Development,1
Specialized & Other Topics,Curriculum Innovation,1
Specialized & Other Topics,Custom Implants,1
Specialized & Other Topics,DSO Evolution,1
Specialized & Other Topics,DSO Evolution Strategy,1
Specialized & Other Topics,DSO Future Strategist,1
Specialized & Other Topics,DSO Future Trends,1
Specialized & Other Topics,DSO Growth & Acquisitions,1
Specialized & Other Topics,DSO Growth Specialist,1
Specialized & Other Topics,DSO Growth Strategist,1
Specialized & Other Topics,DSO Leadership,1
Specialized & Other Topics,DSO Management,1
Specialized & Other Topics,DSO Operations,1
Specialized & Other Topics,DSO Penetration,1
Specialized & Other Topics,DSO Sleep Integration,1
Specialized & Other Topics,DSO Specialty Management,1
Specialized & Other Topics,Data-Driven Innovation,1
Specialized & Other Topics,De Novo Dental Startups,1
Specialized & Other Topics,Decay Prevention,1
Specialized & Other Topics,Dental Aesthetics,1
Specialized & Other Topics,Dental Association Leadership,1
Specialized & Other Topics,Dental Business Development,1
Specialized & Other Topics,Dental Business Models,1
Specialized & Other Topics,Dental Coding & Reimbursement,1
Specialized & Other Topics,Dental Compliance,1
Specialized & Other Topics,Dental Education,1
Specialized & Other Topics,Dental Education Legacy,1
Specialized & Other Topics,Dental Emergency Protocols,1
Specialized & Other Topics,Dental Executive Leadership,1
Specialized & Other Topics,Dental Group Management,1
Specialized & Other Topics,Dental Hygiene & Periodontal Assessment,1
Specialized & Other Topics,Dental Implant Aesthetics,1
Specialized & Other Topics,Dental Implant Market Analysis,1
Specialized & Other Topics,Dental Implant Surgery and Bone Grafting,1
Specialized & Other Topics,Dental Informatics,1
Specialized & Other Topics,Dental Innovation,1
Specialized & Other Topics,Dental Insurance and Payer Relations,1
Specialized & Other Topics,Dental Lab Management,1
Specialized & Other Topics,Dental Leadership Advisor,1
Specialized & Other Topics,Dental Leadership Development,1
Specialized & Other Topics,Dental Management,1
Specialized & Other Topics,Dental Marketing Trends,1
Specialized & Other Topics,Dental Operations,1
Specialized & Other Topics,Dental Practice Assessment,1
Specialized & Other Topics,Dental Practice Entrepreneurship,1
Specialized & Other Topics,Dental Practice Growth,1
Specialized & Other Topics,Dental Practice Leadership,1
Specialized & Other Topics,Dental Practice Partnerships,1
Specialized & Other Topics,Dental Research,1
Specialized & Other Topics,Dental Sales Training,1
Specialized & Other Topics,Dental Specialty Recognition,1
Specialized & Other Topics,Dental Team Building,1
Specialized & Other Topics,Dental Team Communication,1
Specialized & Other Topics,Dental Team Management,1
Specialized & Other Topics,Dental Technologies,1
Specialized & Other Topics,Dental Technology Implementation,1
Specialized & Other Topics,Dentistry,1
Specialized & Other Topics,Dentofacial Rehabilitation,1
Specialized & Other Topics,Diagnosis and Management,1
Specialized & Other Topics,Diagnostic Imaging,1
Specialized & Other Topics,Digital All-on-X,1
Specialized & Other Topics,Digital Dental Technology,1
Specialized & Other Topics,Digital Full Arch Implant Procedures,1
Specialized & Other Topics,Digital Implant Dentistry,1
Specialized & Other Topics,Digital Implant Technology,1
Specialized & Other Topics,Digital Implants,1
Specialized & Other Topics,Digital Innovations in Dentistry,1
Specialized & Other Topics,Digital Interdisciplinary Treatment,1
Specialized & Other Topics,Digital Lab Management,1
Specialized & Other Topics,Digital Lab Services,1
Specialized & Other Topics,Digital Lab Technologies,1
Specialized & Other Topics,Digital Materials,1
Specialized & Other Topics,Digital Occlusion,1
Specialized & Other Topics,Digital Planning,1
Specialized & Other Topics,Digital Prosthodontic Materials,1
Specialized & Other Topics,Digital Removable Partial Dentures,1
Specialized & Other Topics,Digital Software,1
Specialized & Other Topics,Digital Technologies,1
Specialized & Other Topics,Digital Technology,1
Specialized & Other Topics,Digital Technology Validation,1
Specialized & Other Topics,Digital Technology in Dentistry,1
Specialized & Other Topics,Digital Treatment Design,1
Specialized & Other Topics,Digital Treatment Solutions,1
Specialized & Other Topics,Direct Anterior Restorations,1
Specialized & Other Topics,Direct to Consumer Strategies,1
Specialized & Other Topics,Diversity Leadership,1
Specialized & Other Topics,Driving Practice Success,1
Specialized & Other Topics,Drug Mechanisms in Periodontics,1
Specialized & Other Topics,Drug-Therapeutic Interactions,1
Specialized & Other Topics,Economic Impact Analysis,1
Specialized & Other Topics,Editorial Scholarship in Dentistry,1
Specialized & Other Topics,Efficient Implant Workflows,1
Specialized & Other Topics,Emergency Airway Simulation,1
Specialized & Other Topics,Emergency Dental Management,1
Specialized & Other Topics,Emergency Medicine,1
Specialized & Other Topics,Emergency Preparedness in Dental Practice,1
Specialized & Other Topics,Emergency Protocols,1
Specialized & Other Topics,Emergency Response,1
Specialized & Other Topics,Employee Retention,1
Specialized & Other Topics,Endodontics,1
Specialized & Other Topics,Endosseous Implant Surgery,1
Specialized & Other Topics,Enhanced Patient Communication,1
Specialized & Other Topics,Entrepreneurship,1
Specialized & Other Topics,Epidemiological Periodontal Research,1
Specialized & Other Topics,Epidemiology,1
Specialized & Other Topics,Equipment Demonstration,1
Specialized & Other Topics,Esthetic Denture Solutions,1
Specialized & Other Topics,Esthetic Implant Complications,1
Specialized & Other Topics,Esthetic Implant Therapy,1
Specialized & Other Topics,Esthetic Implantology,1
Specialized & Other Topics,Esthetic Implantology & Prosthodontics,1
Specialized & Other Topics,Esthetic Periodontal Procedures,1
Specialized & Other Topics,Esthetic Procedures,1
Specialized & Other Topics,Esthetic Rehabilitation,1
Specialized & Other Topics,Esthetic Restorations,1
Specialized & Other Topics,Esthetic Zone Implants,1
Specialized & Other Topics,Event Coordination,1
Specialized & Other Topics,Event Planning,1
Specialized & Other Topics,Evidence-Based Clinical Decisions,1
Specialized & Other Topics,Evidence-Based Periodontal Care,1
Specialized & Other Topics,Evidence-Based Periodontal Practice,1
Specialized & Other Topics,Evidence-Based Periodontal Treatments,1
Specialized & Other Topics,Evidence-Based Practice,1
Specialized & Other Topics,Evidence-Based Restorative Care,1
Specialized & Other Topics,Evidence-based Dental Implants,1
Specialized & Other Topics,Executive Coaching,1
Specialized & Other Topics,Executive Leadership,1
Specialized & Other Topics,Extramaxillary Implants,1
Specialized & Other Topics,Facial Aesthetics,1
Specialized & Other Topics,Facial Cosmetics,1
Specialized & Other Topics,Facial Reconstruction,1
Specialized & Other Topics,Financial Strategies,1
Specialized & Other Topics,Fixed vs Removable Prosthodontics,1
Specialized & Other Topics,Forum Management,1
Specialized & Other Topics,Full Arch Immediate Load,1
Specialized & Other Topics,Full Arch Implant Dentistry,1
Specialized & Other Topics,Full Arch Implant Procedures,1
Specialized & Other Topics,Full Arch Implant Rehab,1
Specialized & Other Topics,Full Arch Implant Rehabilitation,1
Specialized & Other Topics,Full Arch Implant Therapy,1
Specialized & Other Topics,Full Arch Implants,1
Specialized & Other Topics,Full Arch Practice Growth,1
Specialized & Other Topics,Full Arch Prosthodontics,1
Specialized & Other Topics,Full Arch Restoration,1
Specialized & Other Topics,Full Mouth Reconstruction,2
Specialized & Other Topics,Full-Arch Case Acceptance,1
Specialized & Other Topics,Full-Arch Dentistry,1
Specialized & Other Topics,Full-Arch Fixed Prosthodontics,1
Specialized & Other Topics,Full-Arch Implant Prosthodontics,1
Specialized & Other Topics,Full-Arch Implant Protocols,1
Specialized & Other Topics,Full-Arch Implantology,1
Specialized & Other Topics,Full-Arch Implants,1
Specialized & Other Topics,Full-Arch Prosthetics,1
Specialized & Other Topics,Full-Arch Rehabilitation,1
Specialized & Other Topics,Full-Arch Rehabilitation Solutions,1
Specialized & Other Topics,Full-Arch Restorations,2
Specialized & Other Topics,Full-Arch Therapy,1
Specialized & Other Topics,Full-Mouth Reconstruction,1
Specialized & Other Topics,Full-Mouth Rehabilitation,1
Specialized & Other Topics,Full-Smile Rehabilitation,1
Specialized & Other Topics,Full-Time Implantology,1
Specialized & Other Topics,Gender Parity in Dental Academia,1
Specialized & Other Topics,General & Digital Dentistry,1
Specialized & Other Topics,Generational Wealth Transfer,1
Specialized & Other Topics,Global Market Expansion,1
Specialized & Other Topics,Global Strategy,1
Specialized & Other Topics,Graduate Training,1
Specialized & Other Topics,Growth Hacking Dental Brands,1
Specialized & Other Topics,Guardian Dentistry Operations,1
Specialized & Other Topics,Guided Implant Surgery,1
Specialized & Other Topics,Guided Workflows,1
Specialized & Other Topics,Gum Disease Management,1
Specialized & Other Topics,Gum Disease Therapy,1
Specialized & Other Topics,Hands-On Training,1
Specialized & Other Topics,Hard and Soft Tissue Management,1
Specialized & Other Topics,Healthcare Administration,1
Specialized & Other Topics,Healthcare Innovation,1
Specialized & Other Topics,Healthcare Leadership,1
Specialized & Other Topics,History and Innovation,1
Specialized & Other Topics,Holistic Dentistry,1
Specialized & Other Topics,Horizontal and Vertical Bone Grafts,1
Specialized & Other Topics,Hospital-Based Dental Care,1
Specialized & Other Topics,ITI Education,1
Specialized & Other Topics,Imagen Dental Partners,1
Specialized & Other Topics,Implant Assessment,1
Specialized & Other Topics,Implant Controversies,1
Specialized & Other Topics,Implant Decontamination,1
Specialized & Other Topics,Implant Dentistry and Surgical Training,1
Specialized & Other Topics,Implant Education,1
Specialized & Other Topics,Implant Maintenance,1
Specialized & Other Topics,Implant Placement,1
Specialized & Other Topics,Implant Planning,1
Specialized & Other Topics,Implant Preservation,1
Specialized & Other Topics,Implant Prosthetic Principles,1
Specialized & Other Topics,Implant Prosthetics,1
Specialized & Other Topics,Implant Prosthodontics & Phonetics,1
Specialized & Other Topics,Implant Rehabilitation,1
Specialized & Other Topics,Implant Research and Innovation,1
Specialized & Other Topics,Implant Restoration Management,1
Specialized & Other Topics,Implant Science,1
Specialized & Other Topics,Implant Site Preparation,1
Specialized & Other Topics,Implant Success,1
Specialized & Other Topics,Implant Surgery and Bone Regeneration,1
Specialized & Other Topics,Implant Surgery and Reconstructive Dentistry,1
Specialized & Other Topics,Implant Surgical Guides,1
Specialized & Other Topics,Implant Technology,1
Specialized & Other Topics,Implant Therapy,1
Specialized & Other Topics,Implant Therapy Complications,1
Specialized & Other Topics,Implant and Reconstructive Dentistry,1
Specialized & Other Topics,Implant-supported Prostheses,1
Specialized & Other Topics,Industry Leadership,1
Specialized & Other Topics,Infection Control,1
Specialized & Other Topics,Inflammatory Mechanisms in Dentistry,1
Specialized & Other Topics,Injectable Pharmacologics,1
Specialized & Other Topics,Innovation in Periodontal Therapy,1
Specialized & Other Topics,Innovations for Dental Labs,1
Specialized & Other Topics,Innovations in Endodontics,1
Specialized & Other Topics,Innovative Restorative Materials,1
Specialized & Other Topics,Innovative Treatments,1
Specialized & Other Topics,Insurance Strategies,1
Specialized & Other Topics,Integrated Care,1
Specialized & Other Topics,Integrated Curriculum,1
Specialized & Other Topics,Integrated Sleep Dentistry,1
Specialized & Other Topics,Interdisciplinary Airway Management,1
Specialized & Other Topics,Interdisciplinary Case Management,1
Specialized & Other Topics,Interdisciplinary Orthodontic Treatment,1
Specialized & Other Topics,Interdisciplinary Orthodontics,1
Specialized & Other Topics,Interdisciplinary Periodontics,1
Specialized & Other Topics,International Research,1
Specialized & Other Topics,Lateral Incisor Management in Cleft Patients,1
Specialized & Other Topics,Management,1
Specialized & Other Topics,Management of Dental Complications,1
Specialized & Other Topics,Material Technology,1
Specialized & Other Topics,MaxiCourse Education,1
Specialized & Other Topics,Maxillofacial Prosthodontics,1
Specialized & Other Topics,Microbiome Research,1
Specialized & Other Topics,Microsurgical Periodontology,1
Specialized & Other Topics,Minimally Invasive Grafting,1
Specialized & Other Topics,Modern Esthetic Solutions,1
Specialized & Other Topics,Modern Esthetic Techniques,1
Specialized & Other Topics,Modern Sedation Techniques,1
Specialized & Other Topics,Multi-Specialty Practice Management,1
Specialized & Other Topics,Multidisciplinary Periodontal Care,1
Specialized & Other Topics,Multidisciplinary Practice,1
Specialized & Other Topics,Multisite Practice Management,1
Specialized & Other Topics,Navigated Surgery,1
Specialized & Other Topics,OSA Management,1
Specialized & Other Topics,OMS Technology Integration,1
Specialized & Other Topics,Obstructive Sleep Apnea Surgery,1
Specialized & Other Topics,Office-Based Anesthesia,1
Specialized & Other Topics,Office-Based Surgery,1
Specialized & Other Topics,Operations Management,1
Specialized & Other Topics,Oral Conscious Sedation,1
Specialized & Other Topics,Oral Implantology,1
Specialized & Other Topics,Oral Surgery Collaboration,1
Specialized & Other Topics,Oral Surgery Team Readiness,1
Specialized & Other Topics,Oral Surgery and Implant Education,1
Specialized & Other Topics,Orthodontics & Sleep Collaboration,1
Specialized & Other Topics,Orthodontics & Sleep Medicine,1
Specialized & Other Topics,Orthognathic Surgery,1
Specialized & Other Topics,Patient Screening for Sleep Disorders,1
Specialized & Other Topics,Patient-First Dental Practices,1
Specialized & Other Topics,Pediatric Oral Surgery,1
Specialized & Other Topics,Peri-Implantitis,1
Specialized & Other Topics,Peri-Implantitis Treatment,1
Specialized & Other Topics,Peri-implant Disease,1
Specialized & Other Topics,Peri-implantitis,1
Specialized & Other Topics,Peri-implantitis Management,1
Specialized & Other Topics,Peri-implantitis Treatment,1
Specialized & Other Topics,Perio-Prosthodontic Integration,1
Specialized & Other Topics,Perio-Prosthodontics,1
Specialized & Other Topics,Periodonal Assessment,1
Specialized & Other Topics,Periodontal Complexities,1
Specialized & Other Topics,Periodontal Disease Management,1
Specialized & Other Topics,Periodontal Disease Research,1
Specialized & Other Topics,Periodontal Education & Clinical Training,1
Specialized & Other Topics,Periodontal Education & Public Health,1
Specialized & Other Topics,Periodontal Education & Research,1
Specialized & Other Topics,Periodontal Literature,1
Specialized & Other Topics,Periodontal Medicine,1
Specialized & Other Topics,Periodontal Microbiology,1
Specialized & Other Topics,Periodontal Practice,1
Specialized & Other Topics,Periodontal Research & Pharmacology,1
Specialized & Other Topics,Periodontal Sur+B436:B455gery,1
Specialized & Other Topics,Periodontal Surgical Techniques,1
Specialized & Other Topics,Periodontal Therapy,1
Specialized & Other Topics,Periodontal-Prosthodontic Collaboration,1
Specialized & Other Topics,Periodontal-Prosthodontic Interdisciplinary Care,1
Specialized & Other Topics,Periodontics & Implantology,1
Specialized & Other Topics,Periodontics Department Leadership,1
Specialized & Other Topics,Periodontology & AI Research,1
Specialized & Other Topics,Periodontology & Business Management,1
Specialized & Other Topics,Periodontology & Dental Hygiene Education,1
Specialized & Other Topics,Periodontology & Implant Surgery,1
Specialized & Other Topics,Periodontology & Legal Medicine,1
Specialized & Other Topics,Periodontology & Legal Practice,1
Specialized & Other Topics,Periodontology & Medical Education,1
Specialized & Other Topics,Periodontology & Microsurgery,1
Specialized & Other Topics,Periodontology & Orthodontics,1
Specialized & Other Topics,Periodontology & Pharmacology,1
Specialized & Other Topics,Periodontology & Regeneration,1
Specialized & Other Topics,Periodontology & Tissue Engineering,1
Specialized & Other Topics,Practice Acquisition,1
Specialized & Other Topics,Practice Adaptation Strategies,1
Specialized & Other Topics,Practice Automation,1
Specialized & Other Topics,Practice Culture & Transformation,1
Specialized & Other Topics,Practice Development,1
Specialized & Other Topics,Practice Excellence Coach,1
Specialized & Other Topics,Practice Integration,1
Specialized & Other Topics,Practice Longevity,1
Specialized & Other Topics,Practice Operations,1
Specialized & Other Topics,Practice Philosophy,1
Specialized & Other Topics,Practice Revenue Growth,1
Specialized & Other Topics,Practice Risk Reduction,1
Specialized & Other Topics,Practice Scalability,1
Specialized & Other Topics,Precision Implantology,1
Specialized & Other Topics,Product Management,1
Specialized & Other Topics,Prosthodontic Exams,1
Specialized & Other Topics,Prosthodontic Innovation and Discussions,1
Specialized & Other Topics,Prosthodontic Innovations,1
Specialized & Other Topics,Prosthodontic Laboratory Techniques,1
Specialized & Other Topics,Prosthodontic Outcomes,1
Specialized & Other Topics,Prosthodontic Support,1
Specialized & Other Topics,Prosthodontics & Digital Dentistry,1
Specialized & Other Topics,Prosthodontics & Interdisciplinary Care,1
Specialized & Other Topics,Prosthodontics & Maxillofacial Prosthetics,1
Specialized & Other Topics,Prosthodontics & Restorative Sciences,1
Specialized & Other Topics,Prosthodontics Leadership,1
Specialized & Other Topics,Prosthodontics and Implant Dentistry,1
Specialized & Other Topics,Prosthodontics and Implant Esthetics,1
Specialized & Other Topics,Prosthodontics in the Digital Age,1
Specialized & Other Topics,Public Health in Periodontics,1
Specialized & Other Topics,Reconstructive Surgery,1
Specialized & Other Topics,Reconstructive and Implant Dentistry,1
Specialized & Other Topics,Regeneration Procedures,1
Specialized & Other Topics,Regeneration Therapies,1
Specialized & Other Topics,Regenerative Dental Medicine,1
Specialized & Other Topics,Regenerative Periodontal Procedures,1
Specialized & Other Topics,Regenerative Periodontics,1
Specialized & Other Topics,Regenerative Research,1
Specialized & Other Topics,Regenerative Therapies,1
Specialized & Other Topics,Removable Prosthodontics,1
Specialized & Other Topics,Research,1
Specialized & Other Topics,Research Methodology,1
Specialized & Other Topics,Research Methods,1
Specialized & Other Topics,Research and Development,1
Specialized & Other Topics,Research in Periodontal Therapies,1
Specialized & Other Topics,Research in Scanning,1
Specialized & Other Topics,Research-Driven Therapy,1
Specialized & Other Topics,Residency Training,1
Specialized & Other Topics,Restorative vs Implant Therapy,1
Specialized & Other Topics,Robotics in Oral Surgery,1
Specialized & Other Topics,Safe Sedation Protocols,1
Specialized & Other Topics,Sales Training,1
Specialized & Other Topics,Scan-to-Smile Technology,1
Specialized & Other Topics,Sedation,1
Specialized & Other Topics,Sedation & Anxiety Management,1
Specialized & Other Topics,Sedation in Periodontology,1
Specialized & Other Topics,Simulation Training,1
Specialized & Other Topics,Skills Lab Training,1
Specialized & Other Topics,Skills Training,1
Specialized & Other Topics,Sleep Apnea Practice Growth,1
Specialized & Other Topics,Sleep Disorder Treatment,1
Specialized & Other Topics,Sleep Medicine Consultant,1
Specialized & Other Topics,Sleep-related Breathing Disorders,1
Specialized & Other Topics,Sub-periosteal Implants,1
Specialized & Other Topics,Subperiosteal Implants,1
Specialized & Other Topics,Surgical Case Management,1
Specialized & Other Topics,Surgical Implant Solutions,1
Specialized & Other Topics,Surgical Periodontal Therapy,1
Specialized & Other Topics,Surgical Periodontics,1
Specialized & Other Topics,Surgical-Orthodontic Synergy,1
Specialized & Other Topics,Team Management & Leadership Expert,1
Specialized & Other Topics,Team-Based Implant Care,1
Specialized & Other Topics,Tech in Group Practice Management,1
Specialized & Other Topics,Technology Innovation,1
Specialized & Other Topics,Technology Integration,1
Specialized & Other Topics,Technology/AI,1
Specialized & Other Topics,Teeth vs Implants,1
Specialized & Other Topics,Tilted Implants in Maxilla,1
Specialized & Other Topics,Tissue Management,1
Specialized & Other Topics,Tissue Regeneration,1
Specialized & Other Topics,Training Program Development,1
Specialized & Other Topics,Training Programs,1
Specialized & Other Topics,Training Strategies,1
Specialized & Other Topics,Trans-Nasal Implants,1
Specialized & Other Topics,Translational Periodontal Science,1
Specialized & Other Topics,Wealth Management,1
Specialized & Other Topics,Workforce Training,1
Specialized & Other Topics,X-Guide Technology,1
Specialized & Other Topics,Zygomatic Implant Specialist,1
Specialized & Other Topics,Advanced Restorative Techniques,0
Specialized & Other Topics,Advanced Techniques,0
Specialized & Other Topics,AI in Risk Management,0
Specialized & Other Topics,Automation Solutions for Dental Practices,0
Specialized & Other Topics,Beyond the Basics Coding,0
Specialized & Other Topics,Complex Full-Arch Rehabs,0
Specialized & Other Topics,Dental AI Technology,0
Specialized & Other Topics,Dental Dentistry Advances,0
Specialized & Other Topics,Dental Payor Strategies,0
Specialized & Other Topics,Dental Practice Management,0
Specialized & Other Topics,Dental Team Coaching,0
Specialized & Other Topics,Dental/Medical Liability,0
Specialized & Other Topics,Esthetic Zone Challenges,0
Specialized & Other Topics,Ethics in Dentistry,0
Specialized & Other Topics,FACP,0
Specialized & Other Topics,Financial Leadership,0
Specialized & Other Topics,Fixed and Removable Prosthetics,0
Specialized & Other Topics,Full-Arch Rehab,0
Specialized & Other Topics,Full-Arch Solutions,0
Specialized & Other Topics,Hands-On Dental Technology Training,0
Specialized & Other Topics,Healthcare Billing,0
Specialized & Other Topics,Healthcare Law,0
Specialized & Other Topics,Implant Aesthetics,0
Specialized & Other Topics,Implant Lab Collaboration,0
Specialized & Other Topics,Implant-supported Prosthetics,0
Specialized & Other Topics,Innovation in Young Professionals,0
Specialized & Other Topics,Insurance Relations in Group Practice,0
Specialized & Other Topics,Interdisciplinary Education,0
Specialized & Other Topics,Multidisciplinary Periodontal & Prosthodontic Cases,0
Specialized & Other Topics,Oral & Maxillofacial Surgery,0
Specialized & Other Topics,Periodontology & Systemic Health,0
Specialized & Other Topics,Practice Growth Strategies,0
Specialized & Other Topics,Pterygoid & Zygomatic Implants,0
Specialized & Other Topics,Research in Periodontal Therapy,0
Specialized & Other Topics,Specialty Growth for Group Practices,0
Specialized & Other Topics,Telescopic Implant Solutions,0
Specialized & Other Topics,Telescopic Prosthodontics,0
Specialized & Other Topics,Virtual Patient Technology,0
Specialized & Other Topics,Zygomatic & Pterygoid Implants,0